sf__Id,sf__Error,External_Id__c,Site_ID_by_Customer__c,Name,Site_Name_by_Customer__c,Account__c,sitetracker__Site_Status__c
",""FIELD_CUSTOM_VALIDATION_EXCEPTION:Duplicate Site Name:",,,,,,,
"Site Names must be unique.  Please choose another name.:Name --""",653600474,65040998sn002,遂宁船山建安安置小区-E5H,65040998sn002-遂宁船山建安安置小区-E5H,0010w000011s3IzAAI,Active,
",""FIELD_CUSTOM_VALIDATION_EXCEPTION:Duplicate Site Name:",,,,,,,
"Site Names must be unique.  Please choose another name.:Name --""",653600474,65040998sn002,遂宁船山建安安置小区-E5H,65040998sn002-遂宁船山建安安置小区-E5H,0010w000011s3IzAAI,Active,
",""FIELD_CUSTOM_VALIDATION_EXCEPTION:Duplicate Site Name:",,,,,,,
"Site Names must be unique.  Please choose another name.:Name --""",653600474,65040998sn002,遂宁船山建安安置小区-E5H,65040998sn002-遂宁船山建安安置小区-E5H,0010w000011s3IzAAI,Active,
",""FIELD_CUSTOM_VALIDATION_EXCEPTION:Duplicate Site Name:",,,,,,,
"Site Names must be unique.  Please choose another name.:Name --""",653600474,65040998sn002,遂宁船山建安安置小区-E5H,65040998sn002-遂宁船山建安安置小区-E5H,0010w000011s3IzAAI,Active,
",""FIELD_CUSTOM_VALIDATION_EXCEPTION:Duplicate Site Name:",,,,,,,
"Site Names must be unique.  Please choose another name.:Name --""",653600474,65040998sn002,遂宁船山建安安置小区-E5H,65040998sn002-遂宁船山建安安置小区-E5H,0010w000011s3IzAAI,Active,
",""FIELD_CUSTOM_VALIDATION_EXCEPTION:Duplicate Site Name:",,,,,,,
"Site Names must be unique.  Please choose another name.:Name --""",653600520,65040998sn001,遂宁船山富源实验小学-E5H,65040998sn001-遂宁船山富源实验小学-E5H,0010w000011s3IzAAI,Active,
",""FIELD_CUSTOM_VALIDATION_EXCEPTION:Duplicate Site Name:",,,,,,,
"Site Names must be unique.  Please choose another name.:Name --""",713363189,50132245SNHZ030,遂宁大英隆盛中心大楼后山-E5H,50132245SNHZ030-遂宁大英隆盛中心大楼后山-E5H,0010w000011s3IzAAI,Active,
",""FIELD_CUSTOM_VALIDATION_EXCEPTION:Duplicate Site Name:",,,,,,,
"Site Names must be unique.  Please choose another name.:Name --""",713363236,50132245SNHZ001,遂宁蓬溪天福镇安保中心-E5H,50132245SNHZ001-遂宁蓬溪天福镇安保中心-E5H,0010w000011s3IzAAI,Active,
",""FIELD_CUSTOM_VALIDATION_EXCEPTION:Duplicate Site Name:",,,,,,,
"Site Names must be unique.  Please choose another name.:Name --""",713363489,50132245SNHZ020,遂宁射洪太乙小学-E5H,50132245SNHZ020-遂宁射洪太乙小学-E5H,0010w000011s3IzAAI,Active,
",""FIELD_CUSTOM_VALIDATION_EXCEPTION:Duplicate Site Name:",,,,,,,
"Site Names must be unique.  Please choose another name.:Name --""",713364139,50132245SNHZ021,遂宁安居分水魏家沟-E5H,50132245SNHZ021-遂宁安居分水魏家沟-E5H,0010w000011s3IzAAI,Active,
",""FIELD_CUSTOM_VALIDATION_EXCEPTION:Duplicate Site Name:",,,,,,,
"Site Names must be unique.  Please choose another name.:Name --""",713370758,50132245SNHZ028,遂宁蓬溪高升正街-E5H,50132245SNHZ028-遂宁蓬溪高升正街-E5H,0010w000011s3IzAAI,Active,
",""FIELD_CUSTOM_VALIDATION_EXCEPTION:Duplicate Site Name:",,,,,,,
"Site Names must be unique.  Please choose another name.:Name --""",713370759,50132245SNHZ005,遂宁安居玉丰场镇-E5H,50132245SNHZ005-遂宁安居玉丰场镇-E5H,0010w000011s3IzAAI,Active,
",""FIELD_CUSTOM_VALIDATION_EXCEPTION:Duplicate Site Name:",,,,,,,
"Site Names must be unique.  Please choose another name.:Name --""",713371038,50132245SNHZ013,遂宁大英玉峰天平土-E5H,50132245SNHZ013-遂宁大英玉峰天平土-E5H,0010w000011s3IzAAI,Active,
",""FIELD_CUSTOM_VALIDATION_EXCEPTION:Duplicate Site Name:",,,,,,,
"Site Names must be unique.  Please choose another name.:Name --""",713371047,50132245SNHZ019,遂宁射洪金家邮政支局-E5H,50132245SNHZ019-遂宁射洪金家邮政支局-E5H,0010w000011s3IzAAI,Active,
",""FIELD_CUSTOM_VALIDATION_EXCEPTION:Duplicate Site Name:",,,,,,,
"Site Names must be unique.  Please choose another name.:Name --""",713371071,50132245SNHZ026,遂宁安居白马邮局-E5H,50132245SNHZ026-遂宁安居白马邮局-E5H,0010w000011s3IzAAI,Active,
",""FIELD_CUSTOM_VALIDATION_EXCEPTION:Duplicate Site Name:",,,,,,,
"Site Names must be unique.  Please choose another name.:Name --""",713371077,50132245SNHZ015,遂宁射洪复兴镇中心大楼-E5H,50132245SNHZ015-遂宁射洪复兴镇中心大楼-E5H,0010w000011s3IzAAI,Active,
",""FIELD_CUSTOM_VALIDATION_EXCEPTION:Duplicate Site Name:",,,,,,,
"Site Names must be unique.  Please choose another name.:Name --""",713371090,50132245SNHZ018,遂宁蓬溪红江中心大楼-E5H,50132245SNHZ018-遂宁蓬溪红江中心大楼-E5H,0010w000011s3IzAAI,Active,
",""FIELD_CUSTOM_VALIDATION_EXCEPTION:Duplicate Site Name:",,,,,,,
"Site Names must be unique.  Please choose another name.:Name --""",713371200,50132245SNHZ023,遂宁蓬溪宝梵中心大楼后山-E5H,50132245SNHZ023-遂宁蓬溪宝梵中心大楼后山-E5H,0010w000011s3IzAAI,Active,
",""FIELD_CUSTOM_VALIDATION_EXCEPTION:Duplicate Site Name:",,,,,,,
"Site Names must be unique.  Please choose another name.:Name --""",713371558,50132245SNHZ033,遂宁蓬溪三凤交通街-E5H,50132245SNHZ033-遂宁蓬溪三凤交通街-E5H,0010w000011s3IzAAI,Active,
",""FIELD_CUSTOM_VALIDATION_EXCEPTION:Duplicate Site Name:",,,,,,,
"Site Names must be unique.  Please choose another name.:Name --""",713371629,50132245SNHZ016,遂宁射洪天仙场镇-E5H,50132245SNHZ016-遂宁射洪天仙场镇-E5H,0010w000011s3IzAAI,Active,
",""FIELD_CUSTOM_VALIDATION_EXCEPTION:Duplicate Site Name:",,,,,,,
"Site Names must be unique.  Please choose another name.:Name --""",713371660,50132245SNHZ022,遂宁蓬溪鸣凤中心大楼-E5H,50132245SNHZ022-遂宁蓬溪鸣凤中心大楼-E5H,0010w000011s3IzAAI,Active,
",""FIELD_CUSTOM_VALIDATION_EXCEPTION:Duplicate Site Name:",,,,,,,
"Site Names must be unique.  Please choose another name.:Name --""",713378396,50132245SNHZ029,遂宁蓬溪荷叶街村-E5H,50132245SNHZ029-遂宁蓬溪荷叶街村-E5H,0010w000011s3IzAAI,Active,
",""FIELD_CUSTOM_VALIDATION_EXCEPTION:Duplicate Site Name:",,,,,,,
"Site Names must be unique.  Please choose another name.:Name --""",713378495,50132245SNHZ031,遂宁蓬溪新会会宇坝-E5H,50132245SNHZ031-遂宁蓬溪新会会宇坝-E5H,0010w000011s3IzAAI,Active,
",""FIELD_CUSTOM_VALIDATION_EXCEPTION:Duplicate Site Name:",,,,,,,
"Site Names must be unique.  Please choose another name.:Name --""",713378780,50132245SNHZ002,遂宁射洪广兴邮政支局-E5H,50132245SNHZ002-遂宁射洪广兴邮政支局-E5H,0010w000011s3IzAAI,Active,
",""FIELD_CUSTOM_VALIDATION_EXCEPTION:Duplicate Site Name:",,,,,,,
"Site Names must be unique.  Please choose another name.:Name --""",713378992,50132245SNHZ024,遂宁船山唐家乡中心大楼-E5H,50132245SNHZ024-遂宁船山唐家乡中心大楼-E5H,0010w000011s3IzAAI,Active,
",""FIELD_CUSTOM_VALIDATION_EXCEPTION:Duplicate Site Name:",,,,,,,
"Site Names must be unique.  Please choose another name.:Name --""",713378994,50132245SNHZ007,遂宁射洪明星自来水厂-E5H,50132245SNHZ007-遂宁射洪明星自来水厂-E5H,0010w000011s3IzAAI,Active,
",""FIELD_CUSTOM_VALIDATION_EXCEPTION:Duplicate Site Name:",,,,,,,
"Site Names must be unique.  Please choose another name.:Name --""",713379247,50132245SNHZ025,遂宁蓬溪明月-E5H,50132245SNHZ025-遂宁蓬溪明月-E5H,0010w000011s3IzAAI,Active,
",""FIELD_CUSTOM_VALIDATION_EXCEPTION:Duplicate Site Name:",,,,,,,
"Site Names must be unique.  Please choose another name.:Name --""",713379266,50132245SNHZ006,遂宁蓬溪任隆中学后山-E5H,50132245SNHZ006-遂宁蓬溪任隆中学后山-E5H,0010w000011s3IzAAI,Active,
",""FIELD_CUSTOM_VALIDATION_EXCEPTION:Duplicate Site Name:",,,,,,,
"Site Names must be unique.  Please choose another name.:Name --""",713379289,50132245SNHZ014,遂宁蓬溪常乐镇安保中心后山-E5H,50132245SNHZ014-遂宁蓬溪常乐镇安保中心后山-E5H,0010w000011s3IzAAI,Active,
",""FIELD_CUSTOM_VALIDATION_EXCEPTION:Duplicate Site Name:",,,,,,,
"Site Names must be unique.  Please choose another name.:Name --""",713379293,50132245SNHZ008,遂宁射洪瞿河乡中心大楼-E5H,50132245SNHZ008-遂宁射洪瞿河乡中心大楼-E5H,0010w000011s3IzAAI,Active,
",""FIELD_CUSTOM_VALIDATION_EXCEPTION:Duplicate Site Name:",,,,,,,
"Site Names must be unique.  Please choose another name.:Name --""",713388362,50132245SNHZ004,遂宁射洪曹碑镇补点-E5H,50132245SNHZ004-遂宁射洪曹碑镇补点-E5H,0010w000011s3IzAAI,Active,
",""FIELD_CUSTOM_VALIDATION_EXCEPTION:Duplicate Site Name:",,,,,,,
"Site Names must be unique.  Please choose another name.:Name --""",713388371,50132245SNHZ003,遂宁射洪仁和场镇-E5H,50132245SNHZ003-遂宁射洪仁和场镇-E5H,0010w000011s3IzAAI,Active,
",""FIELD_CUSTOM_VALIDATION_EXCEPTION:Duplicate Site Name:",,,,,,,
"Site Names must be unique.  Please choose another name.:Name --""",713388506,50132245SNHZ009,遂宁蓬溪大石正街-E5H,50132245SNHZ009-遂宁蓬溪大石正街-E5H,0010w000011s3IzAAI,Active,
",""FIELD_CUSTOM_VALIDATION_EXCEPTION:Duplicate Site Name:",,,,,,,
"Site Names must be unique.  Please choose another name.:Name --""",713488195,50132245SNHZ017,遂宁船山老池乡中心大楼-E5H,50132245SNHZ017-遂宁船山老池乡中心大楼-E5H,0010w000011s3IzAAI,Active,
",""FIELD_CUSTOM_VALIDATION_EXCEPTION:Duplicate Site Name:",,,,,,,
"Site Names must be unique.  Please choose another name.:Name --""",713488204,50132245SNHZ010,遂宁船山保升乡中心大楼后山-E5H,50132245SNHZ010-遂宁船山保升乡中心大楼后山-E5H,0010w000011s3IzAAI,Active,
",""FIELD_CUSTOM_VALIDATION_EXCEPTION:Duplicate Site Name:",,,,,,,
"Site Names must be unique.  Please choose another name.:Name --""",713505367,50132245SNHZ027,遂宁大英卓筒井镇蓬乐路-E5H,50132245SNHZ027-遂宁大英卓筒井镇蓬乐路-E5H,0010w000011s3IzAAI,Active,
",""FIELD_CUSTOM_VALIDATION_EXCEPTION:Duplicate Site Name:",,,,,,,
"Site Names must be unique.  Please choose another name.:Name --""",713505369,50132245SNHZ032,遂宁射洪涪西场镇-E5H,50132245SNHZ032-遂宁射洪涪西场镇-E5H,0010w000011s3IzAAI,Active,
",""FIELD_CUSTOM_VALIDATION_EXCEPTION:Duplicate Site Name:",,,,,,,
"Site Names must be unique.  Please choose another name.:Name --""",713517844,50132245SNHZ012,遂宁大英象山营业厅-E5H,50132245SNHZ012-遂宁大英象山营业厅-E5H,0010w000011s3IzAAI,Active,
",""FIELD_CUSTOM_VALIDATION_EXCEPTION:Duplicate Site Name:",,,,,,,
"Site Names must be unique.  Please choose another name.:Name --""",713517864,50132245SNHZ011,遂宁大英天保-E5H,50132245SNHZ011-遂宁大英天保-E5H,0010w000011s3IzAAI,Active,
",""FIELD_CUSTOM_VALIDATION_EXCEPTION:Duplicate Site Name:",,,,,,,
"Site Names must be unique.  Please choose another name.:Name --""",723897324,50129779ZYRD004,ZYSF0865,50129779ZYRD004-ZYSF0865,0010w000011s3IzAAI,Active,
",""FIELD_CUSTOM_VALIDATION_EXCEPTION:Duplicate Site Name:",,,,,,,
"Site Names must be unique.  Please choose another name.:Name --""",723897332,50129779ZYRD007,ZYSF0863,50129779ZYRD007-ZYSF0863,0010w000011s3IzAAI,Active,
",""FIELD_CUSTOM_VALIDATION_EXCEPTION:Duplicate Site Name:",,,,,,,
"Site Names must be unique.  Please choose another name.:Name --""",723897334,50129779ZYRD001,ZYSF0867,50129779ZYRD001-ZYSF0867,0010w000011s3IzAAI,Active,
",""FIELD_CUSTOM_VALIDATION_EXCEPTION:Duplicate Site Name:",,,,,,,
"Site Names must be unique.  Please choose another name.:Name --""",723899171,50128715SN3D114,遂宁船山富源实验小学3DMIMO-ELH,50128715SN3D114-遂宁船山富源实验小学3DMIMO-ELH,0010w000011s3IzAAI,Active,
",""FIELD_CUSTOM_VALIDATION_EXCEPTION:Duplicate Site Name:",,,,,,,
"Site Names must be unique.  Please choose another name.:Name --""",827714338,50138133zy-MACRO-013,ZY5GHZ0376,50138133zy-MACRO-013-ZY5GHZ0376,0010w000011s3IzAAI,Active,
",""FIELD_CUSTOM_VALIDATION_EXCEPTION:Duplicate Site Name:",,,,,,,
"Site Names must be unique.  Please choose another name.:Name --""",827714348,50138133zy-MACRO-006,ZY5GHZ0545,50138133zy-MACRO-006-ZY5GHZ0545,0010w000011s3IzAAI,Active,
",""FIELD_CUSTOM_VALIDATION_EXCEPTION:Duplicate Site Name:",,,,,,,
"Site Names must be unique.  Please choose another name.:Name --""",827714391,50138133zy-MACRO-026,ZY5GHZ0709,50138133zy-MACRO-026-ZY5GHZ0709,0010w000011s3IzAAI,Active,
",""FIELD_CUSTOM_VALIDATION_EXCEPTION:Duplicate Site Name:",,,,,,,
"Site Names must be unique.  Please choose another name.:Name --""",879003403,ZY2485,ZY2485,ZY2485-ZY2485,0010w000011s3IzAAI,Active,
",""FIELD_CUSTOM_VALIDATION_EXCEPTION:Duplicate Site Name:",,,,,,,
"Site Names must be unique.  Please choose another name.:Name --""",879003717,ZY2632,ZY2632,ZY2632-ZY2632,0010w000011s3IzAAI,Active,
",""FIELD_CUSTOM_VALIDATION_EXCEPTION:Duplicate Site Name:",,,,,,,
"Site Names must be unique.  Please choose another name.:Name --""",879004614,ZY2741,ZY2741,ZY2741-ZY2741,0010w000011s3IzAAI,Active,
",""FIELD_CUSTOM_VALIDATION_EXCEPTION:Duplicate Site Name:",,,,,,,
"Site Names must be unique.  Please choose another name.:Name --""",879004632,ZY2747,ZY2747,ZY2747-ZY2747,0010w000011s3IzAAI,Active,
",""FIELD_CUSTOM_VALIDATION_EXCEPTION:Duplicate Site Name:",,,,,,,
"Site Names must be unique.  Please choose another name.:Name --""",879004671,ZY2754,ZY2754,ZY2754-ZY2754,0010w000011s3IzAAI,Active,
",""FIELD_CUSTOM_VALIDATION_EXCEPTION:Duplicate Site Name:",,,,,,,
"Site Names must be unique.  Please choose another name.:Name --""",879004672,ZY2750,ZY2750,ZY2750-ZY2750,0010w000011s3IzAAI,Active,
",""FIELD_CUSTOM_VALIDATION_EXCEPTION:Duplicate Site Name:",,,,,,,
"Site Names must be unique.  Please choose another name.:Name --""",879004697,ZY2757,ZY2757,ZY2757-ZY2757,0010w000011s3IzAAI,Active,
",""FIELD_CUSTOM_VALIDATION_EXCEPTION:Duplicate Site Name:",,,,,,,
"Site Names must be unique.  Please choose another name.:Name --""",879004699,ZY2762,ZY2762,ZY2762-ZY2762,0010w000011s3IzAAI,Active,
",""FIELD_CUSTOM_VALIDATION_EXCEPTION:Duplicate Site Name:",,,,,,,
"Site Names must be unique.  Please choose another name.:Name --""",879004706,ZY2789,ZY2789,ZY2789-ZY2789,0010w000011s3IzAAI,Active,
",""FIELD_CUSTOM_VALIDATION_EXCEPTION:Duplicate Site Name:",,,,,,,
"Site Names must be unique.  Please choose another name.:Name --""",879004710,ZY2783,ZY2783,ZY2783-ZY2783,0010w000011s3IzAAI,Active,
",""FIELD_CUSTOM_VALIDATION_EXCEPTION:Duplicate Site Name:",,,,,,,
"Site Names must be unique.  Please choose another name.:Name --""",879004719,ZY2755,ZY2755,ZY2755-ZY2755,0010w000011s3IzAAI,Active,
",""FIELD_CUSTOM_VALIDATION_EXCEPTION:Duplicate Site Name:",,,,,,,
"Site Names must be unique.  Please choose another name.:Name --""",879004797,ZY2791,ZY2791,ZY2791-ZY2791,0010w000011s3IzAAI,Active,
",""FIELD_CUSTOM_VALIDATION_EXCEPTION:Duplicate Site Name:",,,,,,,
"Site Names must be unique.  Please choose another name.:Name --""",879004808,ZY2819,ZY2819,ZY2819-ZY2819,0010w000011s3IzAAI,Active,
",""FIELD_CUSTOM_VALIDATION_EXCEPTION:Duplicate Site Name:",,,,,,,
"Site Names must be unique.  Please choose another name.:Name --""",879004812,ZY2854,ZY2854,ZY2854-ZY2854,0010w000011s3IzAAI,Active,
",""FIELD_CUSTOM_VALIDATION_EXCEPTION:Duplicate Site Name:",,,,,,,
"Site Names must be unique.  Please choose another name.:Name --""",879004833,ZY2793,ZY2793,ZY2793-ZY2793,0010w000011s3IzAAI,Active,
",""FIELD_CUSTOM_VALIDATION_EXCEPTION:Duplicate Site Name:",,,,,,,
"Site Names must be unique.  Please choose another name.:Name --""",879004836,ZY2803,ZY2803,ZY2803-ZY2803,0010w000011s3IzAAI,Active,
",""FIELD_CUSTOM_VALIDATION_EXCEPTION:Duplicate Site Name:",,,,,,,
"Site Names must be unique.  Please choose another name.:Name --""",879004859,ZY2831,ZY2831,ZY2831-ZY2831,0010w000011s3IzAAI,Active,
",""FIELD_CUSTOM_VALIDATION_EXCEPTION:Duplicate Site Name:",,,,,,,
"Site Names must be unique.  Please choose another name.:Name --""",879004860,ZY2850,ZY2850,ZY2850-ZY2850,0010w000011s3IzAAI,Active,
",""FIELD_CUSTOM_VALIDATION_EXCEPTION:Duplicate Site Name:",,,,,,,
"Site Names must be unique.  Please choose another name.:Name --""",879004865,ZY2860,ZY2860,ZY2860-ZY2860,0010w000011s3IzAAI,Active,
",""FIELD_CUSTOM_VALIDATION_EXCEPTION:Duplicate Site Name:",,,,,,,
"Site Names must be unique.  Please choose another name.:Name --""",879004881,ZY2794,ZY2794,ZY2794-ZY2794,0010w000011s3IzAAI,Active,
",""FIELD_CUSTOM_VALIDATION_EXCEPTION:Duplicate Site Name:",,,,,,,
"Site Names must be unique.  Please choose another name.:Name --""",879004882,ZY5011,ZY5011,ZY5011-ZY5011,0010w000011s3IzAAI,Active,
",""FIELD_CUSTOM_VALIDATION_EXCEPTION:Duplicate Site Name:",,,,,,,
"Site Names must be unique.  Please choose another name.:Name --""",879004883,ZY2799,ZY2799,ZY2799-ZY2799,0010w000011s3IzAAI,Active,
",""FIELD_CUSTOM_VALIDATION_EXCEPTION:Duplicate Site Name:",,,,,,,
"Site Names must be unique.  Please choose another name.:Name --""",879004894,ZY2800,ZY2800,ZY2800-ZY2800,0010w000011s3IzAAI,Active,
",""FIELD_CUSTOM_VALIDATION_EXCEPTION:Duplicate Site Name:",,,,,,,
"Site Names must be unique.  Please choose another name.:Name --""",879004895,ZY2863,ZY2863,ZY2863-ZY2863,0010w000011s3IzAAI,Active,
",""FIELD_CUSTOM_VALIDATION_EXCEPTION:Duplicate Site Name:",,,,,,,
"Site Names must be unique.  Please choose another name.:Name --""",879008132,ZY2374,ZY2374,ZY2374-ZY2374,0010w000011s3IzAAI,Active,
",""FIELD_CUSTOM_VALIDATION_EXCEPTION:Duplicate Site Name:",,,,,,,
"Site Names must be unique.  Please choose another name.:Name --""",879009396,ZY2731,ZY2731,ZY2731-ZY2731,0010w000011s3IzAAI,Active,
",""FIELD_CUSTOM_VALIDATION_EXCEPTION:Duplicate Site Name:",,,,,,,
"Site Names must be unique.  Please choose another name.:Name --""",879009413,ZY2733,ZY2733,ZY2733-ZY2733,0010w000011s3IzAAI,Active,
",""FIELD_CUSTOM_VALIDATION_EXCEPTION:Duplicate Site Name:",,,,,,,
"Site Names must be unique.  Please choose another name.:Name --""",879009458,ZY2746,ZY2746,ZY2746-ZY2746,0010w000011s3IzAAI,Active,
",""FIELD_CUSTOM_VALIDATION_EXCEPTION:Duplicate Site Name:",,,,,,,
"Site Names must be unique.  Please choose another name.:Name --""",879009459,ZY2743,ZY2743,ZY2743-ZY2743,0010w000011s3IzAAI,Active,
",""FIELD_CUSTOM_VALIDATION_EXCEPTION:Duplicate Site Name:",,,,,,,
"Site Names must be unique.  Please choose another name.:Name --""",879009460,ZY2744,ZY2744,ZY2744-ZY2744,0010w000011s3IzAAI,Active,
",""FIELD_CUSTOM_VALIDATION_EXCEPTION:Duplicate Site Name:",,,,,,,
"Site Names must be unique.  Please choose another name.:Name --""",879009473,ZY2760,ZY2760,ZY2760-ZY2760,0010w000011s3IzAAI,Active,
",""FIELD_CUSTOM_VALIDATION_EXCEPTION:Duplicate Site Name:",,,,,,,
"Site Names must be unique.  Please choose another name.:Name --""",879009479,ZY2737,ZY2737,ZY2737-ZY2737,0010w000011s3IzAAI,Active,
",""FIELD_CUSTOM_VALIDATION_EXCEPTION:Duplicate Site Name:",,,,,,,
"Site Names must be unique.  Please choose another name.:Name --""",879009536,ZY2779,ZY2779,ZY2779-ZY2779,0010w000011s3IzAAI,Active,
",""FIELD_CUSTOM_VALIDATION_EXCEPTION:Duplicate Site Name:",,,,,,,
"Site Names must be unique.  Please choose another name.:Name --""",879009545,ZY2763,ZY2763,ZY2763-ZY2763,0010w000011s3IzAAI,Active,
",""FIELD_CUSTOM_VALIDATION_EXCEPTION:Duplicate Site Name:",,,,,,,
"Site Names must be unique.  Please choose another name.:Name --""",879009615,ZY2801,ZY2801,ZY2801-ZY2801,0010w000011s3IzAAI,Active,
",""FIELD_CUSTOM_VALIDATION_EXCEPTION:Duplicate Site Name:",,,,,,,
"Site Names must be unique.  Please choose another name.:Name --""",879009630,ZY2792,ZY2792,ZY2792-ZY2792,0010w000011s3IzAAI,Active,
",""FIELD_CUSTOM_VALIDATION_EXCEPTION:Duplicate Site Name:",,,,,,,
"Site Names must be unique.  Please choose another name.:Name --""",879009640,ZY2787,ZY2787,ZY2787-ZY2787,0010w000011s3IzAAI,Active,
",""FIELD_CUSTOM_VALIDATION_EXCEPTION:Duplicate Site Name:",,,,,,,
"Site Names must be unique.  Please choose another name.:Name --""",879009641,ZY2797,ZY2797,ZY2797-ZY2797,0010w000011s3IzAAI,Active,
",""FIELD_CUSTOM_VALIDATION_EXCEPTION:Duplicate Site Name:",,,,,,,
"Site Names must be unique.  Please choose another name.:Name --""",879009642,ZY2813,ZY2813,ZY2813-ZY2813,0010w000011s3IzAAI,Active,
",""FIELD_CUSTOM_VALIDATION_EXCEPTION:Duplicate Site Name:",,,,,,,
"Site Names must be unique.  Please choose another name.:Name --""",879009645,ZY2814,ZY2814,ZY2814-ZY2814,0010w000011s3IzAAI,Active,
",""FIELD_CUSTOM_VALIDATION_EXCEPTION:Duplicate Site Name:",,,,,,,
"Site Names must be unique.  Please choose another name.:Name --""",879009653,ZY2798,ZY2798,ZY2798-ZY2798,0010w000011s3IzAAI,Active,
",""FIELD_CUSTOM_VALIDATION_EXCEPTION:Duplicate Site Name:",,,,,,,
"Site Names must be unique.  Please choose another name.:Name --""",879009656,ZY2816,ZY2816,ZY2816-ZY2816,0010w000011s3IzAAI,Active,
",""FIELD_CUSTOM_VALIDATION_EXCEPTION:Duplicate Site Name:",,,,,,,
"Site Names must be unique.  Please choose another name.:Name --""",879009682,ZY2806,ZY2806,ZY2806-ZY2806,0010w000011s3IzAAI,Active,
",""FIELD_CUSTOM_VALIDATION_EXCEPTION:Duplicate Site Name:",,,,,,,
"Site Names must be unique.  Please choose another name.:Name --""",879009691,ZY2785,ZY2785,ZY2785-ZY2785,0010w000011s3IzAAI,Active,
",""FIELD_CUSTOM_VALIDATION_EXCEPTION:Duplicate Site Name:",,,,,,,
"Site Names must be unique.  Please choose another name.:Name --""",879009716,ZY2866,ZY2866,ZY2866-ZY2866,0010w000011s3IzAAI,Active,
",""FIELD_CUSTOM_VALIDATION_EXCEPTION:Duplicate Site Name:",,,,,,,
"Site Names must be unique.  Please choose another name.:Name --""",879009718,ZY2818,ZY2818,ZY2818-ZY2818,0010w000011s3IzAAI,Active,
",""FIELD_CUSTOM_VALIDATION_EXCEPTION:Duplicate Site Name:",,,,,,,
"Site Names must be unique.  Please choose another name.:Name --""",879009746,ZY2851,ZY2851,ZY2851-ZY2851,0010w000011s3IzAAI,Active,
",""FIELD_CUSTOM_VALIDATION_EXCEPTION:Duplicate Site Name:",,,,,,,
"Site Names must be unique.  Please choose another name.:Name --""",879009759,ZY2857,ZY2857,ZY2857-ZY2857,0010w000011s3IzAAI,Active,
",""FIELD_CUSTOM_VALIDATION_EXCEPTION:Duplicate Site Name:",,,,,,,
"Site Names must be unique.  Please choose another name.:Name --""",879009773,ZY2867,ZY2867,ZY2867-ZY2867,0010w000011s3IzAAI,Active,
